{
"mu": 0.06690576339070345,
"home": 0.22673273242224046,
"rho": -0.051400444614729736,
"n_matches": 5924,
"att": {
"México": 0.7527096476826146,
"Sudáfrica": 0.5167512080259631,
"Corea del Sur": 0.8618167853342418,
"Chequia": 0.8407387897160197,
"Canadá": 0.8034678225779395,
"Bosnia": 0.44111907852396826,
"Qatar": 0.5129601238810262,
"Suiza": 1.166340963627518,
"Brasil": 1.3689074784772886,
"Marruecos": 0.9563192706544852,
"Haití": 0.46643060158284655,
"Escocia": 0.8635840593563165,
"Estados Unidos": 0.8182043137157057,
"Paraguay": 0.6877387989198673,
"Australia": 0.8371884362395978,
"Türkiye": 1.0864216910865028,
"Alemania": 1.3642015672994086,
"Curazao": 0.11009526716879117,
"Costa de Marfil": 0.6474506034357729,
"Ecuador": 0.7453982109406426,
"Países Bajos": 1.2944990885851322,
"Japón": 1.1076538876663555,
"Suecia": 1.009748266982545,
"Túnez": 0.5766332523302926,
"Bélgica": 1.1656842613465153,
"Egipto": 0.613992125353228,
"Irán": 0.8664012911546075,
"Nueva Zelanda": 0.2519857470581696,
"España": 1.5131852195662607,
"Cabo Verde": 0.4511411028074175,
"Arabia Saudí": 0.36612860020888915,
"Uruguay": 0.8665139446744667,
"Francia": 1.3083204564042956,
"Senegal": 0.937900746166366,
"Noruega": 1.2626547676806947,
"Iraq": 0.3756954655491237,
"Argentina": 1.307845968916058,
"Argelia": 0.9785859474841729,
"Austria": 0.9833897626856591,
"Jordania": 0.7505657077131036,
"Portugal": 1.3598653568068029,
"RD Congo": 0.4448524358565985,
"Uzbekistán": 0.5234231764939121,
"Colombia": 1.292820239891566,
"Inglaterra": 1.240418617706297,
"Croacia": 1.068707357033652,
"Ghana": 0.5137613107367356,
"Panamá": 0.5800501457723143
},
"def": {
"México": 0.9847540199106715,
"Sudáfrica": 0.5663013310775551,
"Corea del Sur": 0.727034796820424,
"Chequia": 0.6788038006540947,
"Canadá": 0.8677626675603664,
"Bosnia": 0.4730116939074195,
"Qatar": 0.12522111956698898,
"Suiza": 0.9333984126734188,
"Brasil": 1.16846730417059,
"Marruecos": 1.4658334393423536,
"Haití": 0.1070785745464484,
"Escocia": 0.8046624299914696,
"Estados Unidos": 0.661022022283244,
"Paraguay": 1.0201087468253516,
"Australia": 0.9759061877750012,
"Türkiye": 0.6861563130391442,
"Alemania": 0.9436708758210829,
"Curazao": 0.06575815506545286,
"Costa de Marfil": 0.9438415748417102,
"Ecuador": 1.4831403744023837,
"Países Bajos": 0.9989910274088479,
"Japón": 1.1916822997622851,
"Suecia": 0.572888230700407,
"Túnez": 0.9577144583574169,
"Bélgica": 0.9823651911265937,
"Egipto": 0.9189413224225295,
"Irán": 0.8095109449618871,
"Nueva Zelanda": 0.516677149966458,
"España": 1.3351976551745304,
"Cabo Verde": 0.5350411614581367,
"Arabia Saudí": 0.6126329582371417,
"Uruguay": 1.3102808006478328,
"Francia": 1.228353967482562,
"Senegal": 0.9720612725523533,
"Noruega": 0.9200583608457407,
"Iraq": 0.6007801650327718,
"Argentina": 1.6741670415077605,
"Argelia": 0.8210748438345956,
"Austria": 0.9486477603349474,
"Jordania": 0.4371378150865157,
"Portugal": 1.1612636391972704,
"RD Congo": 1.0154492016309706,
"Uzbekistán": 0.9334541589622066,
"Colombia": 1.081889315747765,
"Inglaterra": 1.434197021818805,
"Croacia": 1.0157393052254289,
"Ghana": 0.5233965405999945,
"Panamá": 0.381489069145092
},
"missing": []
}